Workbook

Sheet Summary
A1: BOM Summary - 50x80 ft Building
A3: Configuration | B3: Building Type | C3: Eave Height | D3: Total Internal Cost | E3: Total Selling Price | F3: Overall Margin %
A4: PB 10ft | B4: Pole Barn | C4: 10' | D4: =SUMIF('PB 10ft'!A:A,"<>TOTALS",'PB 10ft'!F:F) -> 27832.355 | E4: =SUMIF('PB 10ft'!A:A,"<>TOTALS",'PB 10ft'!H:H) -> 50604.282 | F4: =(E4-D4)/E4*100 -> 45
A5: PB 12ft | B5: Pole Barn | C5: 12' | D5: =SUMIF('PB 12ft'!A:A,"<>TOTALS",'PB 12ft'!F:F) -> 29891.255 | E5: =SUMIF('PB 12ft'!A:A,"<>TOTALS",'PB 12ft'!H:H) -> 54347.737 | F5: =(E5-D5)/E5*100 -> 45
A6: PB 14ft | B6: Pole Barn | C6: 14' | D6: =SUMIF('PB 14ft'!A:A,"<>TOTALS",'PB 14ft'!F:F) -> 31296.355 | E6: =SUMIF('PB 14ft'!A:A,"<>TOTALS",'PB 14ft'!H:H) -> 56902.464 | F6: =(E6-D6)/E6*100 -> 45
A7: PB 16ft | B7: Pole Barn | C7: 16' | D7: =SUMIF('PB 16ft'!A:A,"<>TOTALS",'PB 16ft'!F:F) -> 36131.355 | E7: =SUMIF('PB 16ft'!A:A,"<>TOTALS",'PB 16ft'!H:H) -> 65693.373 | F7: =(E7-D7)/E7*100 -> 45
A8: PB 20ft | B8: Pole Barn | C8: 20' | D8: =SUMIF('PB 20ft'!A:A,"<>TOTALS",'PB 20ft'!F:F) -> 41213.555 | E8: =SUMIF('PB 20ft'!A:A,"<>TOTALS",'PB 20ft'!H:H) -> 74933.737 | F8: =(E8-D8)/E8*100 -> 45
A9: IB 10ft | B9: I-Beam | C9: 10' | D9: =SUMIF('IB 10ft'!A:A,"<>TOTALS",'IB 10ft'!F:F) -> 24880.355 | E9: =SUMIF('IB 10ft'!A:A,"<>TOTALS",'IB 10ft'!H:H) -> 45237.01 | F9: =(E9-D9)/E9*100 -> 45
A10: IB 12ft | B10: I-Beam | C10: 12' | D10: =SUMIF('IB 12ft'!A:A,"<>TOTALS",'IB 12ft'!F:F) -> 27263.255 | E10: =SUMIF('IB 12ft'!A:A,"<>TOTALS",'IB 12ft'!H:H) -> 49569.555 | F10: =(E10-D10)/E10*100 -> 45
A11: IB 14ft | B11: I-Beam | C11: 14' | D11: =SUMIF('IB 14ft'!A:A,"<>TOTALS",'IB 14ft'!F:F) -> 29082.355 | E11: =SUMIF('IB 14ft'!A:A,"<>TOTALS",'IB 14ft'!H:H) -> 52877.01 | F11: =(E11-D11)/E11*100 -> 45
A12: IB 16ft | B12: I-Beam | C12: 16' | D12: =SUMIF('IB 16ft'!A:A,"<>TOTALS",'IB 16ft'!F:F) -> 33746.355 | E12: =SUMIF('IB 16ft'!A:A,"<>TOTALS",'IB 16ft'!H:H) -> 61357.01 | F12: =(E12-D12)/E12*100 -> 45
A13: IB 20ft | B13: I-Beam | C13: 20' | D13: =SUMIF('IB 20ft'!A:A,"<>TOTALS",'IB 20ft'!F:F) -> 39269.555 | E13: =SUMIF('IB 20ft'!A:A,"<>TOTALS",'IB 20ft'!H:H) -> 71399.191 | F13: =(E13-D13)/E13*100 -> 45

Sheet PB 10ft
A1: Metal Building BOM - 50x80 - PB 10ft
A3: Building Size: 50x80 ft
A4: Eave Height: 10 ft
A5: Building Type: Pole Barn
A6: Generated: 02/15/2026
A7: Category | B7: Description | C7: Qty | D7: Unit | E7: Unit Cost | F7: Total Cost | G7: Selling Price Unit | H7: Total Selling | I7: Margin %
A8: STRUCTURAL FRAME | B8: 4" Square Tube Posts, 13' long (10' eave + 3' embed) | C8: 18 | D8: ea | E8: 45 | F8: =C8*E8 -> 810 | G8: =E8*1.81818181818182 -> 81.818182 | H8: =C8*G8 -> 1472.7273 | I8: =(H8-F8)/H8*100 -> 45
A9: STRUCTURAL FRAME | B9: Welded Trusses (Pole Barn), 50' span, 3:12 pitch (incl. height reinforcement) | C9: 20 | D9: ea | E9: 500 | F9: =C9*E9 -> 10000 | G9: =E9*1.81818181818182 -> 909.09091 | H9: =C9*G9 -> 18181.818 | I9: =(H9-F9)/H9*100 -> 45
A10: STRUCTURAL FRAME | B10: Eave Struts, C-section, 3/16" thick | C10: 260 | D10: lf | E10: 2.5 | F10: =C10*E10 -> 650 | G10: =E10*1.81818181818182 -> 4.5454545 | H10: =C10*G10 -> 1181.8182 | I10: =(H10-F10)/H10*100 -> 45
A11: STRUCTURAL FRAME | B11: Cross Bracing Rod Sets (4x4 main, smaller secondary rods) | C11: 4 | D11: sets | E11: 45 | F11: =C11*E11 -> 180 | G11: =E11*1.81818181818182 -> 81.818182 | H11: =C11*G11 -> 327.27273 | I11: =(H11-F11)/H11*100 -> 45
A12: STRUCTURAL FRAME | B12: Base Plates & Anchor Bolt Sets (drilled, 18 per building) | C12: 18 | D12: ea | E12: 12 | F12: =C12*E12 -> 216 | G12: =E12*1.81818181818182 -> 21.818182 | H12: =C12*G12 -> 392.72727 | I12: =(H12-F12)/H12*100 -> 45
A13: SECONDARY FRAMING | B13: Roof Purlins (C-purlin, 5' OC spacing) | C13: 960 | D13: lf | E13: 4.5 | F13: =C13*E13 -> 4320 | G13: =E13*1.81818181818182 -> 8.1818182 | H13: =C13*G13 -> 7854.5455 | I13: =(H13-F13)/H13*100 -> 45
A14: SECONDARY FRAMING | B14: Wall Girts (C/Z-girt, 5' OC spacing, height-dependent rows) | C14: 520 | D14: lf | E14: 3.5 | F14: =C14*E14 -> 1820 | G14: =E14*1.81818181818182 -> 6.3636364 | H14: =C14*G14 -> 3309.0909 | I14: =(H14-F14)/H14*100 -> 45
A15: ROOFING SYSTEM | B15: 26ga Corrugated Roof Panels (red, 3' coverage) | C15: 54 | D15: panels | E15: 72 | F15: =C15*E15 -> 3888 | G15: =E15*1.81818181818182 -> 130.90909 | H15: =C15*G15 -> 7069.0909 | I15: =(H15-F15)/H15*100 -> 45
A16: ROOFING SYSTEM | B16: Ridge Cap (26ga, painted to match) | C16: 80 | D16: lf | E16: 1.5 | F16: =C16*E16 -> 120 | G16: =E16*1.81818181818182 -> 2.7272727 | H16: =C16*G16 -> 218.18182 | I16: =(H16-F16)/H16*100 -> 45
A17: ROOFING SYSTEM | B17: Ridge Closure Strips (foam, 3' length) | C17: 54 | D17: ea | E17: 2 | F17: =C17*E17 -> 108 | G17: =E17*1.81818181818182 -> 3.6363636 | H17: =C17*G17 -> 196.36364 | I17: =(H17-F17)/H17*100 -> 45
A18: ROOFING SYSTEM | B18: Roof Panel Screws (1-5/8", TEK, w/washers & sealant) | C18: 1080 | D18: ea | E18: 0.18 | F18: =C18*E18 -> 194.4 | G18: =E18*1.81818181818182 -> 0.32727273 | H18: =C18*G18 -> 353.45455 | I18: =(H18-F18)/H18*100 -> 45
A19: WALL SYSTEM | B19: 26ga Corrugated Wall Panels (10' tall, red, 3' coverage) | C19: 87 | D19: panels | E19: 35 | F19: =C19*E19 -> 3045 | G19: =E19*1.81818181818182 -> 63.636364 | H19: =C19*G19 -> 5536.3636 | I19: =(H19-F19)/H19*100 -> 45
... A35: HARDWARE & FASTENERS | B35: General Hardware Kit (clips, brackets, misc bolts/screws) | C35: 1 | D35: kit | E35: 125 | F35: =C35*E35 -> 125 | G35: =E35*1.81818181818182 -> 227.27273 | H35: =C35*G35 -> 227.27273 | I35: =(H35-F35)/H35*100 -> 45
A36: TOTALS | F36: =SUM(F8:F35) -> 27832.355 | H36: =SUM(H8:H35) -> 50604.282 | I36: =(H36-F36)/H36*100 -> 45

Sheet PB 12ft
A1: Metal Building BOM - 50x80 - PB 12ft
A3: Building Size: 50x80 ft
A4: Eave Height: 12 ft
A5: Building Type: Pole Barn
A6: Generated: 02/15/2026
A7: Category | B7: Description | C7: Qty | D7: Unit | E7: Unit Cost | F7: Total Cost | G7: Selling Price Unit | H7: Total Selling | I7: Margin %
A8: STRUCTURAL FRAME | B8: 4" Square Tube Posts, 15' long (12' eave + 3' embed) | C8: 18 | D8: ea | E8: 54 | F8: =C8*E8 -> 972 | G8: =E8*1.81818181818182 -> 98.181818 | H8: =C8*G8 -> 1767.2727 | I8: =(H8-F8)/H8*100 -> 45
A9: STRUCTURAL FRAME | B9: Welded Trusses (Pole Barn), 50' span, 3:12 pitch (incl. height reinforcement) | C9: 20 | D9: ea | E9: 500 | F9: =C9*E9 -> 10000 | G9: =E9*1.81818181818182 -> 909.09091 | H9: =C9*G9 -> 18181.818 | I9: =(H9-F9)/H9*100 -> 45
A10: STRUCTURAL FRAME | B10: Eave Struts, C-section, 3/16" thick | C10: 260 | D10: lf | E10: 2.75 | F10: =C10*E10 -> 715 | G10: =E10*1.81818181818182 -> 5 | H10: =C10*G10 -> 1300 | I10: =(H10-F10)/H10*100 -> 45
A11: STRUCTURAL FRAME | B11: Cross Bracing Rod Sets (4x4 main, smaller secondary rods) | C11: 5 | D11: sets | E11: 45 | F11: =C11*E11 -> 225 | G11: =E11*1.81818181818182 -> 81.818182 | H11: =C11*G11 -> 409.09091 | I11: =(H11-F11)/H11*100 -> 45
A12: STRUCTURAL FRAME | B12: Base Plates & Anchor Bolt Sets (drilled, 18 per building) | C12: 18 | D12: ea | E12: 14 | F12: =C12*E12 -> 252 | G12: =E12*1.81818181818182 -> 25.454545 | H12: =C12*G12 -> 458.18182 | I12: =(H12-F12)/H12*100 -> 45
A13: SECONDARY FRAMING | B13: Roof Purlins (C-purlin, 5' OC spacing) | C13: 960 | D13: lf | E13: 4.5 | F13: =C13*E13 -> 4320 | G13: =E13*1.81818181818182 -> 8.1818182 | H13: =C13*G13 -> 7854.5455 | I13: =(H13-F13)/H13*100 -> 45
A14: SECONDARY FRAMING | B14: Wall Girts (C/Z-girt, 5' OC spacing, height-dependent rows) | C14: 780 | D14: lf | E14: 3.5 | F14: =C14*E14 -> 2730 | G14: =E14*1.81818181818182 -> 6.3636364 | H14: =C14*G14 -> 4963.6364 | I14: =(H14-F14)/H14*100 -> 45
A15: ROOFING SYSTEM | B15: 26ga Corrugated Roof Panels (red, 3' coverage) | C15: 54 | D15: panels | E15: 72 | F15: =C15*E15 -> 3888 | G15: =E15*1.81818181818182 -> 130.90909 | H15: =C15*G15 -> 7069.0909 | I15: =(H15-F15)/H15*100 -> 45
A16: ROOFING SYSTEM | B16: Ridge Cap (26ga, painted to match) | C16: 80 | D16: lf | E16: 1.5 | F16: =C16*E16 -> 120 | G16: =E16*1.81818181818182 -> 2.7272727 | H16: =C16*G16 -> 218.18182 | I16: =(H16-F16)/H16*100 -> 45
A17: ROOFING SYSTEM | B17: Ridge Closure Strips (foam, 3' length) | C17: 54 | D17: ea | E17: 2 | F17: =C17*E17 -> 108 | G17: =E17*1.81818181818182 -> 3.6363636 | H17: =C17*G17 -> 196.36364 | I17: =(H17-F17)/H17*100 -> 45
A18: ROOFING SYSTEM | B18: Roof Panel Screws (1-5/8", TEK, w/washers & sealant) | C18: 1080 | D18: ea | E18: 0.18 | F18: =C18*E18 -> 194.4 | G18: =E18*1.81818181818182 -> 0.32727273 | H18: =C18*G18 -> 353.45455 | I18: =(H18-F18)/H18*100 -> 45
A19: WALL SYSTEM | B19: 26ga Corrugated Wall Panels (12' tall, red, 3' coverage) | C19: 87 | D19: panels | E19: 42 | F19: =C19*E19 -> 3654 | G19: =E19*1.81818181818182 -> 76.363636 | H19: =C19*G19 -> 6643.6364 | I19: =(H19-F19)/H19*100 -> 45
... A35: HARDWARE & FASTENERS | B35: General Hardware Kit (clips, brackets, misc bolts/screws) | C35: 1 | D35: kit | E35: 125 | F35: =C35*E35 -> 125 | G35: =E35*1.81818181818182 -> 227.27273 | H35: =C35*G35 -> 227.27273 | I35: =(H35-F35)/H35*100 -> 45
A36: TOTALS | F36: =SUM(F8:F35) -> 29891.255 | H36: =SUM(H8:H35) -> 54347.737 | I36: =(H36-F36)/H36*100 -> 45

Sheet PB 14ft
A1: Metal Building BOM - 50x80 - PB 14ft
A3: Building Size: 50x80 ft
A4: Eave Height: 14 ft
A5: Building Type: Pole Barn
A6: Generated: 02/15/2026
A7: Category | B7: Description | C7: Qty | D7: Unit | E7: Unit Cost | F7: Total Cost | G7: Selling Price Unit | H7: Total Selling | I7: Margin %
A8: STRUCTURAL FRAME | B8: 4"x4"x3/16" Posts, 17' long (14' eave + 3' embed) | C8: 18 | D8: ea | E8: 68 | F8: =C8*E8 -> 1224 | G8: =E8*1.81818181818182 -> 123.63636 | H8: =C8*G8 -> 2225.4545 | I8: =(H8-F8)/H8*100 -> 45
A9: STRUCTURAL FRAME | B9: Welded Trusses (Pole Barn), 50' span, 3:12 pitch (incl. height reinforcement) | C9: 20 | D9: ea | E9: 500 | F9: =C9*E9 -> 10000 | G9: =E9*1.81818181818182 -> 909.09091 | H9: =C9*G9 -> 18181.818 | I9: =(H9-F9)/H9*100 -> 45
A10: STRUCTURAL FRAME | B10: Eave Struts, C-section, 3/16" thick | C10: 260 | D10: lf | E10: 3 | F10: =C10*E10 -> 780 | G10: =E10*1.81818181818182 -> 5.4545455 | H10: =C10*G10 -> 1418.1818 | I10: =(H10-F10)/H10*100 -> 45
A11: STRUCTURAL FRAME | B11: Cross Bracing Rod Sets (4x4 main, smaller secondary rods) | C11: 6 | D11: sets | E11: 45 | F11: =C11*E11 -> 270 | G11: =E11*1.81818181818182 -> 81.818182 | H11: =C11*G11 -> 490.90909 | I11: =(H11-F11)/H11*100 -> 45
A12: STRUCTURAL FRAME | B12: Base Plates & Anchor Bolt Sets (drilled, 18 per building) | C12: 18 | D12: ea | E12: 16 | F12: =C12*E12 -> 288 | G12: =E12*1.81818181818182 -> 29.090909 | H12: =C12*G12 -> 523.63636 | I12: =(H12-F12)/H12*100 -> 45
A13: SECONDARY FRAMING | B13: Roof Purlins (C-purlin, 5' OC spacing) | C13: 960 | D13: lf | E13: 4.5 | F13: =C13*E13 -> 4320 | G13: =E13*1.81818181818182 -> 8.1818182 | H13: =C13*G13 -> 7854.5455 | I13: =(H13-F13)/H13*100 -> 45
A14: SECONDARY FRAMING | B14: Wall Girts (C/Z-girt, 5' OC spacing, height-dependent rows) | C14: 780 | D14: lf | E14: 3.5 | F14: =C14*E14 -> 2730 | G14: =E14*1.81818181818182 -> 6.3636364 | H14: =C14*G14 -> 4963.6364 | I14: =(H14-F14)/H14*100 -> 45
A15: SECONDARY FRAMING | B15: Flange Braces / Sag Rods (per bay) | C15: 8 | D15: sets | E15: 8.5 | F15: =C15*E15 -> 68 | G15: =E15*1.81818181818182 -> 15.454545 | H15: =C15*G15 -> 123.63636 | I15: =(H15-F15)/H15*100 -> 45
A16: ROOFING SYSTEM | B16: 26ga Corrugated Roof Panels (red, 3' coverage) | C16: 54 | D16: panels | E16: 72 | F16: =C16*E16 -> 3888 | G16: =E16*1.81818181818182 -> 130.90909 | H16: =C16*G16 -> 7069.0909 | I16: =(H16-F16)/H16*100 -> 45
A17: ROOFING SYSTEM | B17: Ridge Cap (26ga, painted to match) | C17: 80 | D17: lf | E17: 1.5 | F17: =C17*E17 -> 120 | G17: =E17*1.81818181818182 -> 2.7272727 | H17: =C17*G17 -> 218.18182 | I17: =(H17-F17)/H17*100 -> 45
A18: ROOFING SYSTEM | B18: Ridge Closure Strips (foam, 3' length) | C18: 54 | D18: ea | E18: 2 | F18: =C18*E18 -> 108 | G18: =E18*1.81818181818182 -> 3.6363636 | H18: =C18*G18 -> 196.36364 | I18: =(H18-F18)/H18*100 -> 45
A19: ROOFING SYSTEM | B19: Roof Panel Screws (1-5/8", TEK, w/washers & sealant) | C19: 1080 | D19: ea | E19: 0.18 | F19: =C19*E19 -> 194.4 | G19: =E19*1.81818181818182 -> 0.32727273 | H19: =C19*G19 -> 353.45455 | I19: =(H19-F19)/H19*100 -> 45
... A37: HARDWARE & FASTENERS | B37: General Hardware Kit (clips, brackets, misc bolts/screws) | C37: 1 | D37: kit | E37: 125 | F37: =C37*E37 -> 125 | G37: =E37*1.81818181818182 -> 227.27273 | H37: =C37*G37 -> 227.27273 | I37: =(H37-F37)/H37*100 -> 45
A38: TOTALS | F38: =SUM(F8:F37) -> 31296.355 | H38: =SUM(H8:H37) -> 56902.464 | I38: =(H38-F38)/H38*100 -> 45

Sheet PB 16ft
A1: Metal Building BOM - 50x80 - PB 16ft
A3: Building Size: 50x80 ft
A4: Eave Height: 16 ft
A5: Building Type: Pole Barn
A6: Generated: 02/15/2026
A7: Category | B7: Description | C7: Qty | D7: Unit | E7: Unit Cost | F7: Total Cost | G7: Selling Price Unit | H7: Total Selling | I7: Margin %
A8: STRUCTURAL FRAME | B8: 6"x6"x3/16" Posts, 19' long (16' eave + 3' embed) | C8: 18 | D8: ea | E8: 82 | F8: =C8*E8 -> 1476 | G8: =E8*1.81818181818182 -> 149.09091 | H8: =C8*G8 -> 2683.6364 | I8: =(H8-F8)/H8*100 -> 45
A9: STRUCTURAL FRAME | B9: Welded Trusses (Pole Barn), 50' span, 3:12 pitch (incl. height reinforcement) | C9: 20 | D9: ea | E9: 575 | F9: =C9*E9 -> 11500 | G9: =E9*1.81818181818182 -> 1045.4545 | H9: =C9*G9 -> 20909.091 | I9: =(H9-F9)/H9*100 -> 45
A10: STRUCTURAL FRAME | B10: Eave Struts, C-section, 3/16" thick | C10: 260 | D10: lf | E10: 3.5 | F10: =C10*E10 -> 910 | G10: =E10*1.81818181818182 -> 6.3636364 | H10: =C10*G10 -> 1654.5455 | I10: =(H10-F10)/H10*100 -> 45
A11: STRUCTURAL FRAME | B11: Cross Bracing Rod Sets (4x4 main, smaller secondary rods) | C11: 7 | D11: sets | E11: 45 | F11: =C11*E11 -> 315 | G11: =E11*1.81818181818182 -> 81.818182 | H11: =C11*G11 -> 572.72727 | I11: =(H11-F11)/H11*100 -> 45
A12: STRUCTURAL FRAME | B12: Portal Frame Bracing Kits (wind resistance, welded) | C12: 2 | D12: kits | E12: 185 | F12: =C12*E12 -> 370 | G12: =E12*1.81818181818182 -> 336.36364 | H12: =C12*G12 -> 672.72727 | I12: =(H12-F12)/H12*100 -> 45
A13: STRUCTURAL FRAME | B13: Base Plates & Anchor Bolt Sets (drilled, 18 per building) | C13: 18 | D13: ea | E13: 20 | F13: =C13*E13 -> 360 | G13: =E13*1.81818181818182 -> 36.363636 | H13: =C13*G13 -> 654.54545 | I13: =(H13-F13)/H13*100 -> 45
A14: SECONDARY FRAMING | B14: Roof Purlins (C-purlin, 5' OC spacing) | C14: 960 | D14: lf | E14: 4.5 | F14: =C14*E14 -> 4320 | G14: =E14*1.81818181818182 -> 8.1818182 | H14: =C14*G14 -> 7854.5455 | I14: =(H14-F14)/H14*100 -> 45
A15: SECONDARY FRAMING | B15: Wall Girts (C/Z-girt, 5' OC spacing, height-dependent rows) | C15: 1040 | D15: lf | E15: 4 | F15: =C15*E15 -> 4160 | G15: =E15*1.81818181818182 -> 7.2727273 | H15: =C15*G15 -> 7563.6364 | I15: =(H15-F15)/H15*100 -> 45
A16: SECONDARY FRAMING | B16: Flange Braces / Sag Rods (per bay) | C16: 16 | D16: sets | E16: 8.5 | F16: =C16*E16 -> 136 | G16: =E16*1.81818181818182 -> 15.454545 | H16: =C16*G16 -> 247.27273 | I16: =(H16-F16)/H16*100 -> 45
A17: ROOFING SYSTEM | B17: 26ga Corrugated Roof Panels (red, 3' coverage) | C17: 54 | D17: panels | E17: 72 | F17: =C17*E17 -> 3888 | G17: =E17*1.81818181818182 -> 130.90909 | H17: =C17*G17 -> 7069.0909 | I17: =(H17-F17)/H17*100 -> 45
A18: ROOFING SYSTEM | B18: Ridge Cap (26ga, painted to match) | C18: 80 | D18: lf | E18: 1.5 | F18: =C18*E18 -> 120 | G18: =E18*1.81818181818182 -> 2.7272727 | H18: =C18*G18 -> 218.18182 | I18: =(H18-F18)/H18*100 -> 45
A19: ROOFING SYSTEM | B19: Ridge Closure Strips (foam, 3' length) | C19: 54 | D19: ea | E19: 2 | F19: =C19*E19 -> 108 | G19: =E19*1.81818181818182 -> 3.6363636 | H19: =C19*G19 -> 196.36364 | I19: =(H19-F19)/H19*100 -> 45
... A39: HARDWARE & FASTENERS | B39: General Hardware Kit (clips, brackets, misc bolts/screws) | C39: 1 | D39: kit | E39: 125 | F39: =C39*E39 -> 125 | G39: =E39*1.81818181818182 -> 227.27273 | H39: =C39*G39 -> 227.27273 | I39: =(H39-F39)/H39*100 -> 45
A40: TOTALS | F40: =SUM(F8:F39) -> 36131.355 | H40: =SUM(H8:H39) -> 65693.373 | I40: =(H40-F40)/H40*100 -> 45

Sheet PB 20ft
A1: Metal Building BOM - 50x80 - PB 20ft
A3: Building Size: 50x80 ft
A4: Eave Height: 20 ft
A5: Building Type: Pole Barn
A6: Generated: 02/15/2026
A7: Category | B7: Description | C7: Qty | D7: Unit | E7: Unit Cost | F7: Total Cost | G7: Selling Price Unit | H7: Total Selling | I7: Margin %
A8: STRUCTURAL FRAME | B8: 6"x6"x3/16" Posts, 23' long (20' eave + 3' embed) | C8: 18 | D8: ea | E8: 110 | F8: =C8*E8 -> 1980 | G8: =E8*1.81818181818182 -> 200 | H8: =C8*G8 -> 3600 | I8: =(H8-F8)/H8*100 -> 45
A9: STRUCTURAL FRAME | B9: Welded Trusses (Pole Barn), 50' span, 3:12 pitch (incl. height reinforcement) | C9: 20 | D9: ea | E9: 650 | F9: =C9*E9 -> 13000 | G9: =E9*1.81818181818182 -> 1181.8182 | H9: =C9*G9 -> 23636.364 | I9: =(H9-F9)/H9*100 -> 45
A10: STRUCTURAL FRAME | B10: Eave Struts, C-section, 3/16" thick | C10: 260 | D10: lf | E10: 4.25 | F10: =C10*E10 -> 1105 | G10: =E10*1.81818181818182 -> 7.7272727 | H10: =C10*G10 -> 2009.0909 | I10: =(H10-F10)/H10*100 -> 45
A11: STRUCTURAL FRAME | B11: Cross Bracing Rod Sets (4x4 main, smaller secondary rods) | C11: 8 | D11: sets | E11: 45 | F11: =C11*E11 -> 360 | G11: =E11*1.81818181818182 -> 81.818182 | H11: =C11*G11 -> 654.54545 | I11: =(H11-F11)/H11*100 -> 45
A12: STRUCTURAL FRAME | B12: Portal Frame Bracing Kits (wind resistance, welded) | C12: 4 | D12: kits | E12: 225 | F12: =C12*E12 -> 900 | G12: =E12*1.81818181818182 -> 409.09091 | H12: =C12*G12 -> 1636.3636 | I12: =(H12-F12)/H12*100 -> 45
A13: STRUCTURAL FRAME | B13: Base Plates & Anchor Bolt Sets (drilled, 18 per building) | C13: 18 | D13: ea | E13: 28 | F13: =C13*E13 -> 504 | G13: =E13*1.81818181818182 -> 50.909091 | H13: =C13*G13 -> 916.36364 | I13: =(H13-F13)/H13*100 -> 45
A14: SECONDARY FRAMING | B14: Roof Purlins (C-purlin, 5' OC spacing) | C14: 960 | D14: lf | E14: 4.5 | F14: =C14*E14 -> 4320 | G14: =E14*1.81818181818182 -> 8.1818182 | H14: =C14*G14 -> 7854.5455 | I14: =(H14-F14)/H14*100 -> 45
A15: SECONDARY FRAMING | B15: Wall Girts (C/Z-girt, 5' OC spacing, height-dependent rows) | C15: 1040 | D15: lf | E15: 4.25 | F15: =C15*E15 -> 4420 | G15: =E15*1.81818181818182 -> 7.7272727 | H15: =C15*G15 -> 8036.3636 | I15: =(H15-F15)/H15*100 -> 45
A16: SECONDARY FRAMING | B16: Flange Braces / Sag Rods (per bay) | C16: 24 | D16: sets | E16: 8.5 | F16: =C16*E16 -> 204 | G16: =E16*1.81818181818182 -> 15.454545 | H16: =C16*G16 -> 370.90909 | I16: =(H16-F16)/H16*100 -> 45
A17: ROOFING SYSTEM | B17: 26ga Corrugated Roof Panels (red, 3' coverage) | C17: 54 | D17: panels | E17: 72 | F17: =C17*E17 -> 3888 | G17: =E17*1.81818181818182 -> 130.90909 | H17: =C17*G17 -> 7069.0909 | I17: =(H17-F17)/H17*100 -> 45
A18: ROOFING SYSTEM | B18: Ridge Cap (26ga, painted to match) | C18: 80 | D18: lf | E18: 1.5 | F18: =C18*E18 -> 120 | G18: =E18*1.81818181818182 -> 2.7272727 | H18: =C18*G18 -> 218.18182 | I18: =(H18-F18)/H18*100 -> 45
A19: ROOFING SYSTEM | B19: Ridge Closure Strips (foam, 3' length) | C19: 54 | D19: ea | E19: 2 | F19: =C19*E19 -> 108 | G19: =E19*1.81818181818182 -> 3.6363636 | H19: =C19*G19 -> 196.36364 | I19: =(H19-F19)/H19*100 -> 45
... A39: HARDWARE & FASTENERS | B39: General Hardware Kit (clips, brackets, misc bolts/screws) | C39: 1 | D39: kit | E39: 125 | F39: =C39*E39 -> 125 | G39: =E39*1.81818181818182 -> 227.27273 | H39: =C39*G39 -> 227.27273 | I39: =(H39-F39)/H39*100 -> 45
A40: TOTALS | F40: =SUM(F8:F39) -> 41213.555 | H40: =SUM(H8:H39) -> 74933.737 | I40: =(H40-F40)/H40*100 -> 45

Sheet IB 10ft
A1: Metal Building BOM - 50x80 - IB 10ft
A3: Building Size: 50x80 ft
A4: Eave Height: 10 ft
A5: Building Type: I-Beam
A6: Generated: 02/15/2026
A7: Category | B7: Description | C7: Qty | D7: Unit | E7: Unit Cost | F7: Total Cost | G7: Selling Price Unit | H7: Total Selling | I7: Margin %
A8: STRUCTURAL FRAME | B8: I-Beam Columns, 10' tall, mounted to slab | C8: 18 | D8: ea | E8: 125 | F8: =C8*E8 -> 2250 | G8: =E8*1.81818181818182 -> 227.27273 | H8: =C8*G8 -> 4090.9091 | I8: =(H8-F8)/H8*100 -> 45
A9: STRUCTURAL FRAME | B9: I-Beam Rafters, 50' span, 3:12 pitch (incl. height reinforcement) | C9: 20 | D9: ea | E9: 275 | F9: =C9*E9 -> 5500 | G9: =E9*1.81818181818182 -> 500 | H9: =C9*G9 -> 10000 | I9: =(H9-F9)/H9*100 -> 45
A10: STRUCTURAL FRAME | B10: Eave Struts, C-section, 3/16" thick | C10: 260 | D10: lf | E10: 2.5 | F10: =C10*E10 -> 650 | G10: =E10*1.81818181818182 -> 4.5454545 | H10: =C10*G10 -> 1181.8182 | I10: =(H10-F10)/H10*100 -> 45
A11: STRUCTURAL FRAME | B11: Cross Bracing Rod Sets (4x4 main, smaller secondary rods) | C11: 4 | D11: sets | E11: 45 | F11: =C11*E11 -> 180 | G11: =E11*1.81818181818182 -> 81.818182 | H11: =C11*G11 -> 327.27273 | I11: =(H11-F11)/H11*100 -> 45
A12: STRUCTURAL FRAME | B12: Base Plates & Anchor Bolt Sets (drilled, 18 per building) | C12: 18 | D12: ea | E12: 18 | F12: =C12*E12 -> 324 | G12: =E12*1.81818181818182 -> 32.727273 | H12: =C12*G12 -> 589.09091 | I12: =(H12-F12)/H12*100 -> 45
A13: SECONDARY FRAMING | B13: Roof Purlins (C-purlin, 5' OC spacing) | C13: 960 | D13: lf | E13: 4.5 | F13: =C13*E13 -> 4320 | G13: =E13*1.81818181818182 -> 8.1818182 | H13: =C13*G13 -> 7854.5455 | I13: =(H13-F13)/H13*100 -> 45
A14: SECONDARY FRAMING | B14: Wall Girts (C/Z-girt, 5' OC spacing, height-dependent rows) | C14: 520 | D14: lf | E14: 3.5 | F14: =C14*E14 -> 1820 | G14: =E14*1.81818181818182 -> 6.3636364 | H14: =C14*G14 -> 3309.0909 | I14: =(H14-F14)/H14*100 -> 45
A15: ROOFING SYSTEM | B15: 26ga Corrugated Roof Panels (red, 3' coverage) | C15: 54 | D15: panels | E15: 72 | F15: =C15*E15 -> 3888 | G15: =E15*1.81818181818182 -> 130.90909 | H15: =C15*G15 -> 7069.0909 | I15: =(H15-F15)/H15*100 -> 45
A16: ROOFING SYSTEM | B16: Ridge Cap (26ga, painted to match) | C16: 80 | D16: lf | E16: 1.5 | F16: =C16*E16 -> 120 | G16: =E16*1.81818181818182 -> 2.7272727 | H16: =C16*G16 -> 218.18182 | I16: =(H16-F16)/H16*100 -> 45
A17: ROOFING SYSTEM | B17: Ridge Closure Strips (foam, 3' length) | C17: 54 | D17: ea | E17: 2 | F17: =C17*E17 -> 108 | G17: =E17*1.81818181818182 -> 3.6363636 | H17: =C17*G17 -> 196.36364 | I17: =(H17-F17)/H17*100 -> 45
A18: ROOFING SYSTEM | B18: Roof Panel Screws (1-5/8", TEK, w/washers & sealant) | C18: 1080 | D18: ea | E18: 0.18 | F18: =C18*E18 -> 194.4 | G18: =E18*1.81818181818182 -> 0.32727273 | H18: =C18*G18 -> 353.45455 | I18: =(H18-F18)/H18*100 -> 45
A19: WALL SYSTEM | B19: 26ga Corrugated Wall Panels (10' tall, red, 3' coverage) | C19: 87 | D19: panels | E19: 35 | F19: =C19*E19 -> 3045 | G19: =E19*1.81818181818182 -> 63.636364 | H19: =C19*G19 -> 5536.3636 | I19: =(H19-F19)/H19*100 -> 45
... A35: HARDWARE & FASTENERS | B35: General Hardware Kit (clips, brackets, misc bolts/screws) | C35: 1 | D35: kit | E35: 125 | F35: =C35*E35 -> 125 | G35: =E35*1.81818181818182 -> 227.27273 | H35: =C35*G35 -> 227.27273 | I35: =(H35-F35)/H35*100 -> 45
A36: TOTALS | F36: =SUM(F8:F35) -> 24880.355 | H36: =SUM(H8:H35) -> 45237.01 | I36: =(H36-F36)/H36*100 -> 45

Sheet IB 12ft
A1: Metal Building BOM - 50x80 - IB 12ft
A3: Building Size: 50x80 ft
A4: Eave Height: 12 ft
A5: Building Type: I-Beam
A6: Generated: 02/15/2026
A7: Category | B7: Description | C7: Qty | D7: Unit | E7: Unit Cost | F7: Total Cost | G7: Selling Price Unit | H7: Total Selling | I7: Margin %
A8: STRUCTURAL FRAME | B8: I-Beam Columns, 12' tall, mounted to slab | C8: 18 | D8: ea | E8: 150 | F8: =C8*E8 -> 2700 | G8: =E8*1.81818181818182 -> 272.72727 | H8: =C8*G8 -> 4909.0909 | I8: =(H8-F8)/H8*100 -> 45
A9: STRUCTURAL FRAME | B9: I-Beam Rafters, 50' span, 3:12 pitch (incl. height reinforcement) | C9: 20 | D9: ea | E9: 275 | F9: =C9*E9 -> 5500 | G9: =E9*1.81818181818182 -> 500 | H9: =C9*G9 -> 10000 | I9: =(H9-F9)/H9*100 -> 45
A10: STRUCTURAL FRAME | B10: Eave Struts, C-section, 3/16" thick | C10: 260 | D10: lf | E10: 2.75 | F10: =C10*E10 -> 715 | G10: =E10*1.81818181818182 -> 5 | H10: =C10*G10 -> 1300 | I10: =(H10-F10)/H10*100 -> 45
A11: STRUCTURAL FRAME | B11: Cross Bracing Rod Sets (4x4 main, smaller secondary rods) | C11: 5 | D11: sets | E11: 45 | F11: =C11*E11 -> 225 | G11: =E11*1.81818181818182 -> 81.818182 | H11: =C11*G11 -> 409.09091 | I11: =(H11-F11)/H11*100 -> 45
A12: STRUCTURAL FRAME | B12: Base Plates & Anchor Bolt Sets (drilled, 18 per building) | C12: 18 | D12: ea | E12: 22 | F12: =C12*E12 -> 396 | G12: =E12*1.81818181818182 -> 40 | H12: =C12*G12 -> 720 | I12: =(H12-F12)/H12*100 -> 45
A13: SECONDARY FRAMING | B13: Roof Purlins (C-purlin, 5' OC spacing) | C13: 960 | D13: lf | E13: 4.5 | F13: =C13*E13 -> 4320 | G13: =E13*1.81818181818182 -> 8.1818182 | H13: =C13*G13 -> 7854.5455 | I13: =(H13-F13)/H13*100 -> 45
A14: SECONDARY FRAMING | B14: Wall Girts (C/Z-girt, 5' OC spacing, height-dependent rows) | C14: 780 | D14: lf | E14: 3.5 | F14: =C14*E14 -> 2730 | G14: =E14*1.81818181818182 -> 6.3636364 | H14: =C14*G14 -> 4963.6364 | I14: =(H14-F14)/H14*100 -> 45
A15: ROOFING SYSTEM | B15: 26ga Corrugated Roof Panels (red, 3' coverage) | C15: 54 | D15: panels | E15: 72 | F15: =C15*E15 -> 3888 | G15: =E15*1.81818181818182 -> 130.90909 | H15: =C15*G15 -> 7069.0909 | I15: =(H15-F15)/H15*100 -> 45
A16: ROOFING SYSTEM | B16: Ridge Cap (26ga, painted to match) | C16: 80 | D16: lf | E16: 1.5 | F16: =C16*E16 -> 120 | G16: =E16*1.81818181818182 -> 2.7272727 | H16: =C16*G16 -> 218.18182 | I16: =(H16-F16)/H16*100 -> 45
A17: ROOFING SYSTEM | B17: Ridge Closure Strips (foam, 3' length) | C17: 54 | D17: ea | E17: 2 | F17: =C17*E17 -> 108 | G17: =E17*1.81818181818182 -> 3.6363636 | H17: =C17*G17 -> 196.36364 | I17: =(H17-F17)/H17*100 -> 45
A18: ROOFING SYSTEM | B18: Roof Panel Screws (1-5/8", TEK, w/washers & sealant) | C18: 1080 | D18: ea | E18: 0.18 | F18: =C18*E18 -> 194.4 | G18: =E18*1.81818181818182 -> 0.32727273 | H18: =C18*G18 -> 353.45455 | I18: =(H18-F18)/H18*100 -> 45
A19: WALL SYSTEM | B19: 26ga Corrugated Wall Panels (12' tall, red, 3' coverage) | C19: 87 | D19: panels | E19: 42 | F19: =C19*E19 -> 3654 | G19: =E19*1.81818181818182 -> 76.363636 | H19: =C19*G19 -> 6643.6364 | I19: =(H19-F19)/H19*100 -> 45
... A35: HARDWARE & FASTENERS | B35: General Hardware Kit (clips, brackets, misc bolts/screws) | C35: 1 | D35: kit | E35: 125 | F35: =C35*E35 -> 125 | G35: =E35*1.81818181818182 -> 227.27273 | H35: =C35*G35 -> 227.27273 | I35: =(H35-F35)/H35*100 -> 45
A36: TOTALS | F36: =SUM(F8:F35) -> 27263.255 | H36: =SUM(H8:H35) -> 49569.555 | I36: =(H36-F36)/H36*100 -> 45

Sheet IB 14ft
A1: Metal Building BOM - 50x80 - IB 14ft
A3: Building Size: 50x80 ft
A4: Eave Height: 14 ft
A5: Building Type: I-Beam
A6: Generated: 02/15/2026
A7: Category | B7: Description | C7: Qty | D7: Unit | E7: Unit Cost | F7: Total Cost | G7: Selling Price Unit | H7: Total Selling | I7: Margin %
A8: STRUCTURAL FRAME | B8: I-Beam Columns, 14' tall, mounted to slab | C8: 18 | D8: ea | E8: 185 | F8: =C8*E8 -> 3330 | G8: =E8*1.81818181818182 -> 336.36364 | H8: =C8*G8 -> 6054.5455 | I8: =(H8-F8)/H8*100 -> 45
A9: STRUCTURAL FRAME | B9: I-Beam Rafters, 50' span, 3:12 pitch (incl. height reinforcement) | C9: 20 | D9: ea | E9: 275 | F9: =C9*E9 -> 5500 | G9: =E9*1.81818181818182 -> 500 | H9: =C9*G9 -> 10000 | I9: =(H9-F9)/H9*100 -> 45
A10: STRUCTURAL FRAME | B10: Eave Struts, C-section, 3/16" thick | C10: 260 | D10: lf | E10: 3 | F10: =C10*E10 -> 780 | G10: =E10*1.81818181818182 -> 5.4545455 | H10: =C10*G10 -> 1418.1818 | I10: =(H10-F10)/H10*100 -> 45
A11: STRUCTURAL FRAME | B11: Cross Bracing Rod Sets (4x4 main, smaller secondary rods) | C11: 6 | D11: sets | E11: 45 | F11: =C11*E11 -> 270 | G11: =E11*1.81818181818182 -> 81.818182 | H11: =C11*G11 -> 490.90909 | I11: =(H11-F11)/H11*100 -> 45
A12: STRUCTURAL FRAME | B12: Base Plates & Anchor Bolt Sets (drilled, 18 per building) | C12: 18 | D12: ea | E12: 26 | F12: =C12*E12 -> 468 | G12: =E12*1.81818181818182 -> 47.272727 | H12: =C12*G12 -> 850.90909 | I12: =(H12-F12)/H12*100 -> 45
A13: SECONDARY FRAMING | B13: Roof Purlins (C-purlin, 5' OC spacing) | C13: 960 | D13: lf | E13: 4.5 | F13: =C13*E13 -> 4320 | G13: =E13*1.81818181818182 -> 8.1818182 | H13: =C13*G13 -> 7854.5455 | I13: =(H13-F13)/H13*100 -> 45
A14: SECONDARY FRAMING | B14: Wall Girts (C/Z-girt, 5' OC spacing, height-dependent rows) | C14: 780 | D14: lf | E14: 3.5 | F14: =C14*E14 -> 2730 | G14: =E14*1.81818181818182 -> 6.3636364 | H14: =C14*G14 -> 4963.6364 | I14: =(H14-F14)/H14*100 -> 45
A15: SECONDARY FRAMING | B15: Flange Braces / Sag Rods (per bay) | C15: 8 | D15: sets | E15: 8.5 | F15: =C15*E15 -> 68 | G15: =E15*1.81818181818182 -> 15.454545 | H15: =C15*G15 -> 123.63636 | I15: =(H15-F15)/H15*100 -> 45
A16: ROOFING SYSTEM | B16: 26ga Corrugated Roof Panels (red, 3' coverage) | C16: 54 | D16: panels | E16: 72 | F16: =C16*E16 -> 3888 | G16: =E16*1.81818181818182 -> 130.90909 | H16: =C16*G16 -> 7069.0909 | I16: =(H16-F16)/H16*100 -> 45
A17: ROOFING SYSTEM | B17: Ridge Cap (26ga, painted to match) | C17: 80 | D17: lf | E17: 1.5 | F17: =C17*E17 -> 120 | G17: =E17*1.81818181818182 -> 2.7272727 | H17: =C17*G17 -> 218.18182 | I17: =(H17-F17)/H17*100 -> 45
A18: ROOFING SYSTEM | B18: Ridge Closure Strips (foam, 3' length) | C18: 54 | D18: ea | E18: 2 | F18: =C18*E18 -> 108 | G18: =E18*1.81818181818182 -> 3.6363636 | H18: =C18*G18 -> 196.36364 | I18: =(H18-F18)/H18*100 -> 45
A19: ROOFING SYSTEM | B19: Roof Panel Screws (1-5/8", TEK, w/washers & sealant) | C19: 1080 | D19: ea | E19: 0.18 | F19: =C19*E19 -> 194.4 | G19: =E19*1.81818181818182 -> 0.32727273 | H19: =C19*G19 -> 353.45455 | I19: =(H19-F19)/H19*100 -> 45
... A37: HARDWARE & FASTENERS | B37: General Hardware Kit (clips, brackets, misc bolts/screws) | C37: 1 | D37: kit | E37: 125 | F37: =C37*E37 -> 125 | G37: =E37*1.81818181818182 -> 227.27273 | H37: =C37*G37 -> 227.27273 | I37: =(H37-F37)/H37*100 -> 45
A38: TOTALS | F38: =SUM(F8:F37) -> 29082.355 | H38: =SUM(H8:H37) -> 52877.01 | I38: =(H38-F38)/H38*100 -> 45

Sheet IB 16ft
A1: Metal Building BOM - 50x80 - IB 16ft
A3: Building Size: 50x80 ft
A4: Eave Height: 16 ft
A5: Building Type: I-Beam
A6: Generated: 02/15/2026
A7: Category | B7: Description | C7: Qty | D7: Unit | E7: Unit Cost | F7: Total Cost | G7: Selling Price Unit | H7: Total Selling | I7: Margin %
A8: STRUCTURAL FRAME | B8: I-Beam Columns, 16' tall, mounted to slab | C8: 18 | D8: ea | E8: 225 | F8: =C8*E8 -> 4050 | G8: =E8*1.81818181818182 -> 409.09091 | H8: =C8*G8 -> 7363.6364 | I8: =(H8-F8)/H8*100 -> 45
A9: STRUCTURAL FRAME | B9: I-Beam Rafters, 50' span, 3:12 pitch (incl. height reinforcement) | C9: 20 | D9: ea | E9: 316.25 | F9: =C9*E9 -> 6325 | G9: =E9*1.81818181818182 -> 575 | H9: =C9*G9 -> 11500 | I9: =(H9-F9)/H9*100 -> 45
A10: STRUCTURAL FRAME | B10: Eave Struts, C-section, 3/16" thick | C10: 260 | D10: lf | E10: 3.5 | F10: =C10*E10 -> 910 | G10: =E10*1.81818181818182 -> 6.3636364 | H10: =C10*G10 -> 1654.5455 | I10: =(H10-F10)/H10*100 -> 45
A11: STRUCTURAL FRAME | B11: Cross Bracing Rod Sets (4x4 main, smaller secondary rods) | C11: 7 | D11: sets | E11: 45 | F11: =C11*E11 -> 315 | G11: =E11*1.81818181818182 -> 81.818182 | H11: =C11*G11 -> 572.72727 | I11: =(H11-F11)/H11*100 -> 45
A12: STRUCTURAL FRAME | B12: Portal Frame Bracing Kits (wind resistance, welded) | C12: 2 | D12: kits | E12: 185 | F12: =C12*E12 -> 370 | G12: =E12*1.81818181818182 -> 336.36364 | H12: =C12*G12 -> 672.72727 | I12: =(H12-F12)/H12*100 -> 45
A13: STRUCTURAL FRAME | B13: Base Plates & Anchor Bolt Sets (drilled, 18 per building) | C13: 18 | D13: ea | E13: 32 | F13: =C13*E13 -> 576 | G13: =E13*1.81818181818182 -> 58.181818 | H13: =C13*G13 -> 1047.2727 | I13: =(H13-F13)/H13*100 -> 45
A14: SECONDARY FRAMING | B14: Roof Purlins (C-purlin, 5' OC spacing) | C14: 960 | D14: lf | E14: 4.5 | F14: =C14*E14 -> 4320 | G14: =E14*1.81818181818182 -> 8.1818182 | H14: =C14*G14 -> 7854.5455 | I14: =(H14-F14)/H14*100 -> 45
A15: SECONDARY FRAMING | B15: Wall Girts (C/Z-girt, 5' OC spacing, height-dependent rows) | C15: 1040 | D15: lf | E15: 4 | F15: =C15*E15 -> 4160 | G15: =E15*1.81818181818182 -> 7.2727273 | H15: =C15*G15 -> 7563.6364 | I15: =(H15-F15)/H15*100 -> 45
A16: SECONDARY FRAMING | B16: Flange Braces / Sag Rods (per bay) | C16: 16 | D16: sets | E16: 8.5 | F16: =C16*E16 -> 136 | G16: =E16*1.81818181818182 -> 15.454545 | H16: =C16*G16 -> 247.27273 | I16: =(H16-F16)/H16*100 -> 45
A17: ROOFING SYSTEM | B17: 26ga Corrugated Roof Panels (red, 3' coverage) | C17: 54 | D17: panels | E17: 72 | F17: =C17*E17 -> 3888 | G17: =E17*1.81818181818182 -> 130.90909 | H17: =C17*G17 -> 7069.0909 | I17: =(H17-F17)/H17*100 -> 45
A18: ROOFING SYSTEM | B18: Ridge Cap (26ga, painted to match) | C18: 80 | D18: lf | E18: 1.5 | F18: =C18*E18 -> 120 | G18: =E18*1.81818181818182 -> 2.7272727 | H18: =C18*G18 -> 218.18182 | I18: =(H18-F18)/H18*100 -> 45
A19: ROOFING SYSTEM | B19: Ridge Closure Strips (foam, 3' length) | C19: 54 | D19: ea | E19: 2 | F19: =C19*E19 -> 108 | G19: =E19*1.81818181818182 -> 3.6363636 | H19: =C19*G19 -> 196.36364 | I19: =(H19-F19)/H19*100 -> 45
... A39: HARDWARE & FASTENERS | B39: General Hardware Kit (clips, brackets, misc bolts/screws) | C39: 1 | D39: kit | E39: 125 | F39: =C39*E39 -> 125 | G39: =E39*1.81818181818182 -> 227.27273 | H39: =C39*G39 -> 227.27273 | I39: =(H39-F39)/H39*100 -> 45
A40: TOTALS | F40: =SUM(F8:F39) -> 33746.355 | H40: =SUM(H8:H39) -> 61357.01 | I40: =(H40-F40)/H40*100 -> 45

Sheet IB 20ft
A1: Metal Building BOM - 50x80 - IB 20ft
A3: Building Size: 50x80 ft
A4: Eave Height: 20 ft
A5: Building Type: I-Beam
A6: Generated: 02/15/2026
A7: Category | B7: Description | C7: Qty | D7: Unit | E7: Unit Cost | F7: Total Cost | G7: Selling Price Unit | H7: Total Selling | I7: Margin %
A8: STRUCTURAL FRAME | B8: I-Beam Columns, 20' tall, mounted to slab | C8: 18 | D8: ea | E8: 310 | F8: =C8*E8 -> 5580 | G8: =E8*1.81818181818182 -> 563.63636 | H8: =C8*G8 -> 10145.455 | I8: =(H8-F8)/H8*100 -> 45
A9: STRUCTURAL FRAME | B9: I-Beam Rafters, 50' span, 3:12 pitch (incl. height reinforcement) | C9: 20 | D9: ea | E9: 357.5 | F9: =C9*E9 -> 7150 | G9: =E9*1.81818181818182 -> 650 | H9: =C9*G9 -> 13000 | I9: =(H9-F9)/H9*100 -> 45
A10: STRUCTURAL FRAME | B10: Eave Struts, C-section, 3/16" thick | C10: 260 | D10: lf | E10: 4.25 | F10: =C10*E10 -> 1105 | G10: =E10*1.81818181818182 -> 7.7272727 | H10: =C10*G10 -> 2009.0909 | I10: =(H10-F10)/H10*100 -> 45
A11: STRUCTURAL FRAME | B11: Cross Bracing Rod Sets (4x4 main, smaller secondary rods) | C11: 8 | D11: sets | E11: 45 | F11: =C11*E11 -> 360 | G11: =E11*1.81818181818182 -> 81.818182 | H11: =C11*G11 -> 654.54545 | I11: =(H11-F11)/H11*100 -> 45
A12: STRUCTURAL FRAME | B12: Portal Frame Bracing Kits (wind resistance, welded) | C12: 4 | D12: kits | E12: 225 | F12: =C12*E12 -> 900 | G12: =E12*1.81818181818182 -> 409.09091 | H12: =C12*G12 -> 1636.3636 | I12: =(H12-F12)/H12*100 -> 45
A13: STRUCTURAL FRAME | B13: Base Plates & Anchor Bolt Sets (drilled, 18 per building) | C13: 18 | D13: ea | E13: 45 | F13: =C13*E13 -> 810 | G13: =E13*1.81818181818182 -> 81.818182 | H13: =C13*G13 -> 1472.7273 | I13: =(H13-F13)/H13*100 -> 45
A14: SECONDARY FRAMING | B14: Roof Purlins (C-purlin, 5' OC spacing) | C14: 960 | D14: lf | E14: 4.5 | F14: =C14*E14 -> 4320 | G14: =E14*1.81818181818182 -> 8.1818182 | H14: =C14*G14 -> 7854.5455 | I14: =(H14-F14)/H14*100 -> 45
A15: SECONDARY FRAMING | B15: Wall Girts (C/Z-girt, 5' OC spacing, height-dependent rows) | C15: 1040 | D15: lf | E15: 4.25 | F15: =C15*E15 -> 4420 | G15: =E15*1.81818181818182 -> 7.7272727 | H15: =C15*G15 -> 8036.3636 | I15: =(H15-F15)/H15*100 -> 45
A16: SECONDARY FRAMING | B16: Flange Braces / Sag Rods (per bay) | C16: 24 | D16: sets | E16: 8.5 | F16: =C16*E16 -> 204 | G16: =E16*1.81818181818182 -> 15.454545 | H16: =C16*G16 -> 370.90909 | I16: =(H16-F16)/H16*100 -> 45
A17: ROOFING SYSTEM | B17: 26ga Corrugated Roof Panels (red, 3' coverage) | C17: 54 | D17: panels | E17: 72 | F17: =C17*E17 -> 3888 | G17: =E17*1.81818181818182 -> 130.90909 | H17: =C17*G17 -> 7069.0909 | I17: =(H17-F17)/H17*100 -> 45
A18: ROOFING SYSTEM | B18: Ridge Cap (26ga, painted to match) | C18: 80 | D18: lf | E18: 1.5 | F18: =C18*E18 -> 120 | G18: =E18*1.81818181818182 -> 2.7272727 | H18: =C18*G18 -> 218.18182 | I18: =(H18-F18)/H18*100 -> 45
A19: ROOFING SYSTEM | B19: Ridge Closure Strips (foam, 3' length) | C19: 54 | D19: ea | E19: 2 | F19: =C19*E19 -> 108 | G19: =E19*1.81818181818182 -> 3.6363636 | H19: =C19*G19 -> 196.36364 | I19: =(H19-F19)/H19*100 -> 45
... A39: HARDWARE & FASTENERS | B39: General Hardware Kit (clips, brackets, misc bolts/screws) | C39: 1 | D39: kit | E39: 125 | F39: =C39*E39 -> 125 | G39: =E39*1.81818181818182 -> 227.27273 | H39: =C39*G39 -> 227.27273 | I39: =(H39-F39)/H39*100 -> 45
A40: TOTALS | F40: =SUM(F8:F39) -> 39269.555 | H40: =SUM(H8:H39) -> 71399.191 | I40: =(H40-F40)/H40*100 -> 45
